Key,Source,Context,Example
store.vip.name,VIP,Shop: name of the gamepass vip (Creator Hub name too),
store.vip.description,"VIP tag, VIP-only area and +25% Coins forever.",Shop: description of vip,
store.starter_pack.name,Starter Pack,Shop: name of the devproduct starter_pack (Creator Hub name too),
store.starter_pack.description,"A one-time bundle for new players: Coins, a boost and an exclusive item.",Shop: description of starter_pack,
store.currency_small.name,Pouch of Coins,Shop: name of the devproduct currency_small (Creator Hub name too),
store.currency_small.description,Coins to spend on upgrades.,Shop: description of currency_small,
store.currency_medium.name,Chest of Coins,Shop: name of the devproduct currency_medium (Creator Hub name too),
store.currency_medium.description,A big chest of Coins.,Shop: description of currency_medium,
store.currency_large.name,Vault of Coins,Shop: name of the devproduct currency_large (Creator Hub name too),
store.currency_large.description,A vault of Coins: the best value.,Shop: description of currency_large,
store.gift_vip.name,Gift VIP,Shop: name of the devproduct gift_vip (Creator Hub name too),
store.gift_vip.description,Buy VIP for a friend in this server.,Shop: description of gift_vip,
store.speed_boost.name,Speed Boost,Shop: name of the gamepass speed_boost (Creator Hub name too),
store.speed_boost.description,Move 30% faster everywhere.,Shop: description of speed_boost,
store.cosmetic_trail.name,Rainbow Trail,Shop: name of the gamepass cosmetic_trail (Creator Hub name too),
store.cosmetic_trail.description,A glowing trail and name colour that everyone sees.,Shop: description of cosmetic_trail,
store.double_currency.name,2x Coins,Shop: name of the gamepass double_currency (Creator Hub name too),
store.double_currency.description,"Earn double Coins from everything, forever.",Shop: description of double_currency,
store.skip_stage.name,Skip Stage,Shop: name of the devproduct skip_stage (Creator Hub name too),
store.skip_stage.description,Skip the stage you are stuck on.,Shop: description of skip_stage,
store.currency_tiny.name,Handful of Coins,Shop: name of the devproduct currency_tiny (Creator Hub name too),
store.currency_tiny.description,A small Coins top-up.,Shop: description of currency_tiny,
store.section.featured,Featured,Shop: section tab title,
store.section.passes,Passes,Shop: section tab title,
store.section.boosts,Boosts,Shop: section tab title,
store.section.currency,Currency,Shop: section tab title,
store.section.bundles,Bundles,Shop: section tab title,
store.section.cosmetics,Cosmetics,Shop: section tab title,
store.section.gifts,Gifts,Shop: section tab title,
store.button,Shop,HUD: the shop button label,
